id,date,time,pond_id,pond_size,fish_number,temperature,oxygen,salinity,Ph,water_quality,fish_weight,fish_liveness,feed_interval,feed_weight
1,2025-01-01,14:46:26,A01,8,53987,17.2,6.4,0.21,7.1,95.4,51.3,4775.0,0.0,103.84
2,2025-01-02,11:14:36,A01,8,53975,16.0,6.0,0.2,7.0,98.2,52.7,4887.0,20.5,78.0
3,2025-01-03,12:32:41,A01,8,53963,15.7,6.0,0.21,7.1,99.3,54.0,4953.0,25.3,76.88
4,2025-01-04,14:30:12,A01,8,53950,16.2,6.2,0.21,7.1,98.6,55.3,4812.0,26.0,85.55
5,2025-01-05,13:10:30,A01,8,53942,15.9,6.2,0.21,7.1,98.7,56.7,2763.0,22.7,84.4
6,2025-01-06,13:17:47,A01,8,53929,17.4,6.2,0.21,7.1,95.2,58.0,3329.0,24.1,102.76
7,2025-01-07,11:31:31,A01,8,53921,16.5,6.0,0.21,7.1,95.7,59.3,3887.0,22.2,93.18
8,2025-01-08,14:10:21,A01,8,53910,15.9,5.5,0.19,7.0,96.9,60.7,2791.0,26.6,84.28
9,2025-01-09,12:28:11,A01,8,53899,15.9,5.5,0.21,7.1,96.8,62.0,3944.0,22.3,85.94
10,2025-01-10,15:05:42,A01,8,53891,16.2,5.5,0.24,7.1,97.6,63.3,4899.0,26.6,90.82
11,2025-01-11,11:12:42,A01,8,53880,16.3,5.2,0.22,7.1,97.5,64.7,3312.0,20.1,91.07
12,2025-01-12,16:55:23,A01,8,53871,16.1,5.3,0.19,7.0,96.6,66.0,2823.0,29.7,91.96
13,2025-01-13,17:29:13,A01,8,53860,16.7,5.7,0.19,7.0,95.9,67.3,3078.0,24.6,105.08
14,2025-01-14,13:24:43,A01,8,53852,16.1,5.7,0.19,7.0,97.3,68.7,3211.0,19.9,99.76
15,2025-01-15,15:37:53,A01,8,53842,17.4,6.2,0.17,7.0,99.2,70.0,3968.0,26.2,124.33
16,2025-01-16,16:29:47,A01,8,53832,16.7,6.2,0.15,7.0,98.8,71.3,3670.0,24.9,117.48
17,2025-01-17,17:03:04,A01,8,53822,16.6,6.3,0.16,7.0,98.1,72.7,4550.0,24.6,119.31
18,2025-01-18,13:58:47,A01,8,53810,16.3,6.6,0.15,7.0,95.2,74.0,3720.0,20.9,120.78
19,2025-01-19,13:26:18,A01,8,53798,16.1,7.0,0.15,7.0,96.2,75.3,4252.0,23.5,124.49
20,2025-01-20,11:27:04,A01,8,53790,16.9,7.5,0.15,7.0,97.7,76.7,4171.0,22.0,145.51
21,2025-01-21,13:26:48,A01,8,53778,15.6,7.2,0.15,7.0,97.8,78.0,4105.0,26.0,123.09
22,2025-01-22,08:34:33,A01,8,53766,16.5,7.5,0.15,7.0,99.6,79.3,3495.0,19.1,143.74
23,2025-01-23,16:51:06,A01,8,53757,15.6,8.0,0.16,7.0,95.1,80.7,4822.0,32.3,136.2
24,2025-01-24,10:42:51,A01,8,53748,16.1,8.0,0.18,7.0,98.8,82.0,3365.0,17.9,147.24
25,2025-01-25,17:41:05,A01,8,53740,16.9,8.0,0.18,7.0,96.0,83.3,2685.0,31.0,164.39
26,2025-01-26,09:57:40,A01,8,53729,17.0,7.9,0.16,7.0,96.9,84.7,3221.0,16.3,167.79
27,2025-01-27,12:45:39,A01,8,53718,15.9,7.7,0.17,7.0,97.1,86.0,3683.0,26.8,146.91
28,2025-01-28,09:51:08,A01,8,53709,15.7,7.7,0.19,7.0,97.9,87.3,3799.0,21.1,145.09
29,2025-01-29,08:27:00,A01,8,53701,16.6,7.8,0.18,7.0,96.1,88.7,3859.0,22.6,166.07
30,2025-01-30,11:55:15,A01,8,53689,16.0,8.0,0.16,7.0,98.7,90.0,3986.0,27.5,159.76
31,2025-01-31,10:51:54,A01,8,53678,15.6,8.0,0.15,7.0,98.3,91.3,4022.0,22.9,154.14
32,2025-02-01,13:39:43,A01,8,53668,17.6,8.0,0.17,7.0,99.6,92.7,3988.0,26.8,197.11
33,2025-02-02,10:08:28,A01,8,53657,16.9,8.0,0.15,7.0,95.5,94.0,4802.0,20.5,185.71
34,2025-02-03,09:05:10,A01,8,53646,16.2,7.7,0.18,7.0,98.7,95.3,4827.0,22.9,168.64
35,2025-02-04,12:41:32,A01,8,53637,17.6,7.8,0.15,7.0,99.0,96.7,3428.0,27.6,202.49
36,2025-02-05,12:17:29,A01,8,53624,17.5,7.4,0.15,7.0,98.8,98.0,4837.0,23.6,196.21
37,2025-02-06,16:48:05,A01,8,53614,17.4,7.1,0.15,7.0,96.2,99.3,4638.0,28.5,191.57
38,2025-02-07,14:17:50,A01,8,53602,16.0,7.1,0.15,7.0,96.5,100.7,4945.0,21.5,165.19
39,2025-02-08,12:48:45,A01,8,53592,17.6,7.3,0.15,7.0,98.8,102.0,4490.0,22.5,204.43
40,2025-02-09,16:07:58,A01,8,53583,16.5,7.1,0.15,7.0,97.5,103.3,3974.0,27.3,180.1
41,2025-02-10,17:39:50,A01,8,53575,17.6,6.8,0.18,7.0,98.1,104.7,3671.0,25.5,199.82
42,2025-02-11,14:09:21,A01,8,53565,17.5,6.3,0.21,7.1,100.0,106.0,4474.0,20.5,190.37
43,2025-02-12,17:43:08,A01,8,53553,17.4,5.8,0.19,7.0,97.3,107.3,4685.0,27.6,181.81
44,2025-02-13,11:01:46,A01,8,53544,17.2,6.2,0.22,7.1,96.8,108.7,3267.0,17.3,186.9
45,2025-02-14,17:14:44,A01,8,53533,17.6,6.4,0.24,7.1,95.2,110.0,3145.0,30.2,200.83
46,2025-02-15,17:59:08,A01,8,53524,17.7,6.1,0.23,7.1,98.9,111.3,3185.0,24.7,199.63
47,2025-02-16,08:15:37,A01,8,53513,17.3,6.1,0.24,7.1,95.8,112.7,3412.0,14.3,193.45
48,2025-02-17,09:00:38,A01,8,53505,17.6,5.7,0.27,7.1,96.2,114.0,3134.0,24.8,193.43
49,2025-02-18,16:56:11,A01,8,53496,17.6,5.9,0.24,7.1,98.5,115.3,4509.0,31.9,200.31
50,2025-02-19,16:39:40,A01,8,53483,16.8,6.3,0.26,7.1,97.9,116.7,4924.0,23.7,192.8
51,2025-02-20,10:03:56,A01,8,53470,16.3,6.7,0.28,7.1,97.5,118.0,3068.0,17.4,190.63
52,2025-02-21,13:51:34,A01,8,53459,17.3,6.4,0.3,7.2,95.2,119.3,4593.0,27.8,209.48
53,2025-02-22,14:40:19,A01,8,53451,17.2,6.4,0.3,7.2,95.9,120.7,2829.0,24.8,209.51
54,2025-02-23,09:03:44,A01,8,53440,16.7,6.6,0.3,7.2,96.0,122.0,2602.0,18.4,204.12
55,2025-02-24,16:12:59,A01,8,53429,16.9,6.9,0.3,7.2,99.5,123.3,4173.0,31.2,217.03
56,2025-02-25,14:14:19,A01,8,53417,17.4,6.7,0.3,7.2,95.5,124.7,2597.0,22.0,227.4
57,2025-02-26,12:23:32,A01,8,53406,16.8,6.8,0.3,7.2,99.9,126.0,4937.0,22.2,217.12
58,2025-02-27,15:48:05,A01,8,53395,17.1,7.1,0.29,7.1,96.9,127.3,2858.0,27.4,233.4
59,2025-02-28,09:21:10,A01,8,53385,16.6,7.5,0.28,7.1,99.1,128.7,3875.0,17.6,231.11
60,2025-03-01,09:27:24,A01,8,53373,19.2,7.7,0.27,7.1,98.0,131.2,4153.0,24.1,557.88
61,2025-03-02,13:42:02,A01,8,53364,20.2,8.0,0.3,7.2,96.9,133.7,3867.0,28.2,581.2
62,2025-03-03,17:52:22,A01,8,53354,20.6,7.9,0.3,7.2,98.1,136.2,2530.0,28.2,587.02
63,2025-03-04,14:04:53,A01,8,53345,20.1,8.0,0.3,7.2,97.0,138.7,4566.0,20.2,602.72
64,2025-03-05,15:36:15,A01,8,53336,18.8,8.0,0.28,7.1,96.6,141.2,3268.0,25.5,614.75
65,2025-03-06,08:28:14,A01,8,53327,20.7,7.5,0.27,7.1,95.1,143.7,3377.0,16.9,600.08
66,2025-03-07,11:56:33,A01,8,53317,20.7,7.5,0.24,7.1,97.1,146.2,4183.0,27.5,612.29
67,2025-03-08,13:07:38,A01,8,53305,19.7,7.7,0.25,7.1,95.6,148.7,4006.0,25.2,632.81
68,2025-03-09,13:21:51,A01,8,53292,19.4,7.3,0.27,7.1,98.6,151.2,3991.0,24.2,620.02
69,2025-03-10,14:56:30,A01,8,53281,19.1,6.9,0.27,7.1,98.6,153.7,2510.0,25.6,303.92
70,2025-03-11,16:04:20,A01,8,53268,20.0,6.9,0.27,7.1,95.5,156.2,4026.0,25.1,308.79
71,2025-03-12,09:33:47,A01,8,53258,20.0,6.9,0.27,7.1,97.9,158.7,2625.0,17.5,313.67
72,2025-03-13,14:58:20,A01,8,53248,20.1,7.2,0.25,7.1,96.5,161.2,2718.0,29.4,328.0
73,2025-03-14,16:17:38,A01,8,53236,19.4,7.3,0.25,7.1,99.6,163.7,4854.0,25.3,335.98
74,2025-03-15,14:00:56,A01,8,53225,19.2,7.8,0.26,7.1,99.6,166.2,4017.0,21.7,355.77
75,2025-03-16,17:58:43,A01,8,53213,19.4,7.6,0.28,7.1,98.1,168.7,4524.0,28.0,354.19
76,2025-03-17,17:21:49,A01,8,53202,19.3,8.0,0.3,7.2,98.6,171.2,3581.0,23.4,371.0
77,2025-03-18,17:13:33,A01,8,53194,20.7,7.9,0.3,7.2,95.9,173.7,4891.0,23.9,373.22
78,2025-03-19,17:33:00,A01,8,53185,20.3,7.4,0.3,7.2,98.4,176.2,3115.0,24.3,362.62
79,2025-03-20,09:04:08,A01,8,53174,19.5,7.6,0.29,7.1,97.9,178.7,3946.0,15.5,374.53
80,2025-03-21,08:22:34,A01,8,53164,20.7,7.3,0.29,7.1,95.3,181.2,4691.0,23.3,369.88
81,2025-03-22,09:28:30,A01,8,53155,20.3,7.0,0.3,7.2,99.3,183.7,3068.0,25.1,364.59
82,2025-03-23,17:37:09,A01,8,53146,18.9,6.9,0.3,7.2,96.0,186.2,2681.0,32.1,366.13
83,2025-03-24,12:55:22,A01,8,53136,20.4,6.5,0.3,7.2,98.3,188.7,3725.0,19.3,357.37
84,2025-03-25,08:10:21,A01,8,53128,19.7,7.0,0.29,7.1,95.6,191.2,3035.0,19.2,379.68
85,2025-03-26,14:42:15,A01,8,53117,20.4,7.0,0.27,7.1,99.5,193.7,3710.0,30.5,385.36
86,2025-03-27,11:33:18,A01,8,53106,20.7,7.2,0.29,7.1,95.8,196.2,4335.0,20.9,396.53
87,2025-03-28,09:24:25,A01,8,53097,19.7,7.5,0.27,7.1,96.2,198.7,4097.0,21.9,413.12
88,2025-03-29,08:36:19,A01,8,53087,20.0,7.8,0.29,7.1,98.4,201.2,4588.0,23.2,428.27
89,2025-03-30,17:21:19,A01,8,53075,19.0,7.4,0.26,7.1,95.4,203.7,2953.0,32.8,420.09
90,2025-03-31,14:57:34,A01,8,53064,20.1,7.5,0.26,7.1,98.4,206.2,3833.0,21.6,428.89
91,2025-04-01,11:45:55,A01,8,53056,23.0,7.0,0.24,7.1,97.5,208.7,4069.0,20.8,416.0
92,2025-04-02,14:04:32,A01,8,53045,23.1,7.1,0.24,7.1,99.2,211.2,3336.0,26.3,424.73
93,2025-04-03,12:11:33,A01,8,53035,23.8,7.2,0.22,7.1,99.2,213.7,4266.0,22.1,434.43
94,2025-04-04,12:57:31,A01,8,53022,24.1,6.9,0.21,7.1,95.4,216.2,4116.0,24.8,428.08
95,2025-04-05,12:48:30,A01,8,53014,23.1,7.3,0.23,7.1,99.2,218.7,2547.0,23.8,447.93
96,2025-04-06,09:43:47,A01,8,53006,23.9,6.9,0.21,7.1,97.3,221.2,4575.0,20.9,437.85
97,2025-04-07,10:37:23,A01,8,52998,24.2,6.7,0.2,7.0,98.5,223.7,4688.0,24.9,435.05
98,2025-04-08,15:45:55,A01,8,52989,22.8,6.4,0.18,7.0,97.5,226.2,3684.0,29.1,428.38
99,2025-04-09,15:25:07,A01,8,52979,23.0,6.0,0.17,7.0,97.6,228.7,3816.0,23.7,416.8
100,2025-04-10,17:39:18,A01,8,52971,24.2,6.1,0.16,7.0,97.7,231.2,2573.0,26.2,425.94
101,2025-04-11,15:46:56,A01,8,52959,23.6,5.7,0.18,7.0,97.9,233.7,3638.0,22.1,412.56
102,2025-04-12,11:20:46,A01,8,52951,23.6,5.4,0.21,7.1,97.9,236.2,2924.0,19.6,402.78
103,2025-04-13,09:27:17,A01,8,52943,23.6,5.7,0.21,7.1,99.9,238.7,3378.0,22.1,419.97
104,2025-04-14,12:11:05,A01,8,52934,23.0,6.1,0.21,7.1,97.2,241.2,3981.0,26.7,441.8
105,2025-04-15,09:52:34,A01,8,52925,24.3,6.4,0.24,7.1,95.8,243.7,2751.0,21.7,458.15
106,2025-04-16,12:08:40,A01,8,52915,23.6,5.9,0.26,7.1,96.9,246.2,3531.0,26.3,439.61
107,2025-04-17,14:20:44,A01,8,52903,24.1,5.8,0.26,7.1,96.9,248.7,3499.0,26.2,439.49
108,2025-04-18,17:19:40,A01,8,52892,23.4,5.8,0.23,7.1,95.2,251.2,3663.0,27.0,445.19
109,2025-04-19,14:05:27,A01,8,52883,24.3,5.6,0.2,7.0,99.1,253.7,3054.0,20.8,441.72
110,2025-04-20,12:02:03,A01,8,52871,23.0,5.3,0.21,7.1,97.7,256.2,3886.0,21.9,431.59
111,2025-04-21,09:06:52,A01,8,52859,23.1,5.4,0.24,7.1,99.7,258.7,2831.0,21.1,439.04
112,2025-04-22,15:31:28,A01,8,52851,22.7,5.6,0.21,7.1,96.0,261.2,4010.0,30.4,454.04
113,2025-04-23,13:01:12,A01,8,52841,24.0,5.1,0.22,7.1,99.1,263.7,3137.0,21.5,433.98
114,2025-04-24,17:48:34,A01,8,52831,24.5,5.0,0.21,7.1,97.6,266.2,4162.0,28.8,433.65
115,2025-04-25,12:14:18,A01,8,52821,23.4,5.0,0.2,7.0,97.6,268.7,4826.0,18.4,438.08
116,2025-04-26,11:28:44,A01,8,52812,23.5,5.0,0.19,7.0,97.2,271.2,2520.0,23.2,442.54
117,2025-04-27,08:49:43,A01,8,52800,22.8,5.2,0.18,7.0,95.6,273.7,4624.0,21.3,456.9
118,2025-04-28,16:05:41,A01,8,52790,24.0,5.0,0.19,7.0,98.4,276.2,2533.0,31.3,450.51
119,2025-04-29,11:15:06,A01,8,52781,23.5,5.0,0.17,7.0,98.8,278.7,4027.0,19.2,455.44
120,2025-04-30,09:08:37,A01,8,52769,23.3,5.0,0.19,7.0,99.3,281.2,4162.0,21.9,458.48
121,2025-05-01,11:28:19,A01,8,52759,26.7,5.3,0.17,7.0,95.9,283.7,3760.0,26.3,478.86
122,2025-05-02,09:33:54,A01,8,52751,26.9,5.0,0.18,7.0,95.5,286.2,2851.0,22.1,466.95
123,2025-05-03,10:35:48,A01,8,52744,26.8,5.0,0.18,7.0,98.8,288.7,3742.0,25.0,470.97
124,2025-05-04,14:02:57,A01,8,52734,25.9,5.0,0.15,7.0,95.6,291.2,2847.0,27.5,476.41
125,2025-05-05,11:58:29,A01,8,52726,26.4,5.5,0.15,7.0,96.5,293.7,3338.0,21.9,507.12
126,2025-05-06,12:47:16,A01,8,52715,27.2,5.6,0.15,7.0,97.0,296.2,4852.0,24.8,516.71
127,2025-05-07,17:40:09,A01,8,52704,26.8,5.7,0.15,7.0,99.8,298.7,4710.0,28.9,526.39
128,2025-05-08,12:04:30,A01,8,52694,27.0,5.6,0.17,7.0,98.8,301.2,4346.0,18.4,524.16
129,2025-05-09,08:32:57,A01,8,52683,25.7,6.0,0.16,7.0,99.7,303.7,4770.0,20.5,393.55
130,2025-05-10,12:59:09,A01,8,52676,26.0,5.5,0.15,7.0,97.9,306.2,3726.0,28.4,377.29
131,2025-05-11,16:52:09,A01,8,52667,26.0,5.2,0.15,7.0,97.9,308.7,2948.0,27.9,368.29
132,2025-05-12,15:23:46,A01,8,52658,27.4,5.5,0.17,7.0,99.7,311.2,4160.0,22.5,382.54
133,2025-05-13,12:17:43,A01,8,52650,26.2,5.6,0.15,7.0,99.3,313.7,4649.0,20.9,390.4
134,2025-05-14,13:54:21,A01,8,52640,27.3,6.1,0.15,7.0,97.0,316.2,3530.0,25.6,413.93
135,2025-05-15,16:42:29,A01,8,52632,26.5,6.3,0.17,7.0,97.4,318.7,3465.0,26.8,424.54
136,2025-05-16,11:05:19,A01,8,52623,26.0,6.7,0.16,7.0,96.8,321.2,3295.0,18.4,444.86
137,2025-05-17,10:32:25,A01,8,52612,27.3,6.9,0.16,7.0,99.7,323.7,4558.0,23.5,456.61
138,2025-05-18,11:51:16,A01,8,52601,27.1,6.6,0.15,7.0,98.5,326.2,3347.0,25.3,447.83
139,2025-05-19,12:46:33,A01,8,52590,25.5,6.9,0.16,7.0,98.4,328.7,4730.0,24.9,463.47
140,2025-05-20,08:17:30,A01,8,52578,26.1,6.8,0.15,7.0,96.9,331.2,3086.0,19.5,463.07
141,2025-05-21,09:22:35,A01,8,52568,25.5,6.6,0.17,7.0,98.7,333.7,4631.0,25.1,456.91
142,2025-05-22,14:52:38,A01,8,52557,27.4,6.5,0.18,7.0,98.7,336.2,4215.0,29.5,455.43
143,2025-05-23,08:55:30,A01,8,52547,25.9,6.6,0.16,7.0,99.1,338.7,4582.0,18.0,464.05
144,2025-05-24,08:42:57,A01,8,52536,26.5,7.0,0.15,7.0,98.4,341.2,4536.0,23.8,485.5
145,2025-05-25,15:03:52,A01,8,52524,27.0,7.3,0.15,7.0,97.5,343.7,3495.0,30.3,502.28
146,2025-05-26,16:37:29,A01,8,52514,26.9,7.4,0.17,7.0,98.6,346.2,3537.0,25.6,509.28
147,2025-05-27,14:49:17,A01,8,52502,26.1,6.9,0.2,7.0,96.1,348.7,4082.0,22.2,488.85
148,2025-05-28,15:33:48,A01,8,52494,26.6,6.6,0.17,7.0,95.4,351.2,4865.0,24.7,480.2
149,2025-05-29,11:35:59,A01,8,52484,26.1,6.9,0.18,7.0,95.1,353.7,4322.0,20.0,496.71
150,2025-05-30,09:59:33,A01,8,52472,25.9,6.8,0.16,7.0,97.9,356.2,4561.0,22.4,496.52
151,2025-05-31,14:45:20,A01,8,52464,27.5,7.1,0.18,7.0,95.5,358.7,4754.0,28.8,512.78
152,2025-06-01,08:12:57,A01,8,52455,29.6,7.2,0.17,7.0,99.4,360.3,3835.0,17.5,395.38
153,2025-06-02,08:23:36,A01,8,52443,28.5,7.4,0.16,7.0,99.5,362.0,3572.0,24.2,492.47
154,2025-06-03,14:37:02,A01,8,52431,30.1,7.7,0.15,7.0,96.0,363.7,4222.0,30.2,376.31
155,2025-06-04,17:52:49,A01,8,52420,29.8,7.6,0.17,7.0,96.0,365.3,4983.0,27.3,398.53
156,2025-06-05,08:37:42,A01,8,52409,30.0,7.9,0.18,7.0,99.8,367.0,3933.0,14.7,393.34
157,2025-06-06,09:31:39,A01,8,52399,29.3,8.0,0.2,7.0,96.4,368.7,4076.0,24.9,457.19
158,2025-06-07,15:17:16,A01,8,52391,29.2,8.0,0.19,7.0,95.6,370.3,4801.0,29.8,468.22
159,2025-06-08,08:00:23,A01,8,52379,29.4,8.0,0.21,7.1,96.9,372.0,2997.0,16.7,452.1
160,2025-06-09,09:36:24,A01,8,52370,28.3,7.7,0.23,7.1,95.1,373.7,4528.0,25.6,534.06
161,2025-06-10,14:44:04,A01,8,52361,28.5,7.5,0.22,7.1,99.5,375.3,4791.0,29.1,511.14
162,2025-06-11,17:27:57,A01,8,52349,29.9,7.7,0.2,7.0,98.2,377.0,3516.0,26.7,404.49
163,2025-06-12,15:04:22,A01,8,52339,29.8,7.5,0.22,7.1,99.8,378.7,2826.0,21.6,406.8
164,2025-06-13,14:19:41,A01,8,52331,29.5,7.8,0.22,7.1,95.7,380.3,2988.0,23.3,445.03
165,2025-06-14,17:08:09,A01,8,52323,29.1,8.0,0.21,7.1,97.9,382.0,3559.0,26.8,490.17
166,2025-06-15,14:18:14,A01,8,52315,29.6,7.7,0.21,7.1,97.5,383.7,4878.0,21.2,436.82
167,2025-06-16,12:22:50,A01,8,52304,29.0,7.7,0.2,7.0,95.9,385.3,4731.0,22.1,491.07
168,2025-06-17,16:55:44,A01,8,52294,28.8,7.4,0.22,7.1,97.8,387.0,2664.0,28.5,496.4
169,2025-06-18,17:43:34,A01,8,52283,28.3,7.6,0.21,7.1,96.6,388.7,3629.0,24.8,550.96
170,2025-06-19,10:00:44,A01,8,52273,28.6,7.5,0.22,7.1,95.6,390.3,3136.0,16.3,522.07
171,2025-06-20,17:29:35,A01,8,52262,29.1,7.0,0.23,7.1,99.9,392.0,3862.0,31.5,459.61
172,2025-06-21,13:29:08,A01,8,52250,29.0,6.7,0.21,7.1,95.6,393.7,3014.0,20.0,457.87
173,2025-06-22,08:08:00,A01,8,52240,29.7,6.9,0.24,7.1,97.4,395.3,3522.0,18.6,409.2
174,2025-06-23,10:57:21,A01,8,52230,28.7,6.5,0.23,7.1,95.9,397.0,3888.0,26.8,475.95
175,2025-06-24,17:10:01,A01,8,52219,29.0,7.0,0.22,7.1,99.4,398.7,4536.0,30.2,475.91
176,2025-06-25,15:47:59,A01,8,52211,28.6,7.3,0.23,7.1,95.0,400.3,3289.0,22.6,524.97
177,2025-06-26,15:17:05,A01,8,52199,28.2,7.5,0.26,7.1,97.5,402.0,2571.0,23.5,569.98
178,2025-06-27,08:01:07,A01,8,52189,28.5,7.5,0.28,7.1,97.3,403.7,4257.0,16.7,544.56
179,2025-06-28,13:33:16,A01,8,52177,29.0,7.6,0.29,7.1,95.4,405.3,3686.0,29.5,506.21
180,2025-06-29,09:25:00,A01,8,52166,29.8,7.4,0.3,7.2,98.7,407.0,3991.0,19.9,428.47
181,2025-06-30,11:51:59,A01,8,52158,30.1,7.4,0.3,7.2,96.3,408.7,2656.0,26.4,403.64
182,2025-07-01,10:51:03,A01,8,52149,30.5,7.1,0.3,7.2,98.7,410.3,4102.0,23.0,360.0
183,2025-07-02,09:47:28,A01,8,52141,31.4,7.2,0.3,7.2,96.5,412.0,4461.0,22.9,285.89
184,2025-07-03,17:26:31,A01,8,52132,32.0,7.4,0.3,7.2,95.0,413.7,4964.0,31.7,238.47
185,2025-07-04,12:15:57,A01,8,52122,31.6,7.1,0.3,7.2,96.9,415.3,3785.0,18.8,268.05
186,2025-07-05,09:11:16,A01,8,52114,31.5,7.0,0.3,7.2,98.1,417.0,3157.0,20.9,275.35
187,2025-07-06,17:44:28,A01,8,52104,30.6,7.4,0.3,7.2,95.0,418.7,2776.0,32.6,367.86
188,2025-07-07,09:18:39,A01,8,52096,32.1,6.9,0.3,7.2,96.0,420.3,2728.0,15.6,231.52
189,2025-07-08,12:11:35,A01,8,52084,32.1,7.2,0.28,7.1,97.7,422.0,2601.0,26.9,239.28
190,2025-07-09,16:59:39,A01,8,52076,31.3,7.0,0.3,7.2,97.4,423.7,4456.0,28.8,297.21
191,2025-07-10,11:52:12,A01,8,52066,32.4,7.4,0.3,7.2,97.1,425.3,2674.0,18.9,244.88
192,2025-07-11,12:57:05,A01,8,52056,30.8,6.9,0.29,7.1,99.8,427.0,4099.0,25.1,341.12
193,2025-07-12,09:06:40,A01,8,52046,31.9,7.1,0.3,7.2,99.7,428.7,4662.0,20.2,249.22
194,2025-07-13,09:01:44,A01,8,52036,31.8,7.4,0.3,7.2,95.6,430.3,4348.0,23.9,266.19
195,2025-07-14,13:18:18,A01,8,52027,31.8,6.9,0.3,7.2,96.4,432.0,2708.0,28.3,255.46
196,2025-07-15,12:54:23,A01,8,52016,32.3,6.9,0.3,7.2,99.2,433.7,4075.0,23.6,238.5
197,2025-07-16,14:35:28,A01,8,52006,32.2,6.7,0.3,7.2,98.0,435.3,4084.0,25.7,234.98
198,2025-07-17,17:11:29,A01,8,51996,32.1,7.1,0.27,7.1,97.0,437.0,3945.0,26.6,245.41
199,2025-07-18,09:42:29,A01,8,51988,31.4,7.2,0.28,7.1,98.4,438.7,4102.0,16.5,304.13
200,2025-07-19,11:10:49,A01,8,51976,30.9,7.3,0.29,7.1,95.5,440.3,2650.0,25.5,354.71
201,2025-07-20,14:17:06,A01,8,51964,31.8,7.7,0.3,7.2,98.9,442.0,2728.0,27.1,280.21
202,2025-07-21,17:08:55,A01,8,51956,31.6,7.8,0.3,7.2,97.5,443.7,3097.0,26.9,303.42
203,2025-07-22,12:08:15,A01,8,51944,31.4,8.0,0.3,7.2,99.2,445.3,2994.0,19.0,329.84
204,2025-07-23,09:58:59,A01,8,51936,30.6,8.0,0.29,7.1,99.8,447.0,3349.0,21.8,412.52
205,2025-07-24,12:23:48,A01,8,51927,30.8,7.5,0.27,7.1,97.4,448.7,3952.0,26.4,378.0
206,2025-07-25,13:08:36,A01,8,51915,31.9,7.5,0.28,7.1,97.0,450.3,4380.0,24.7,271.13
207,2025-07-26,14:00:37,A01,8,51904,31.5,7.4,0.26,7.1,96.3,452.0,3536.0,24.9,309.34
208,2025-07-27,10:54:52,A01,8,51895,32.0,6.9,0.24,7.1,96.6,453.7,3442.0,20.9,250.46
209,2025-07-28,17:31:58,A01,8,51886,31.1,7.1,0.23,7.1,96.6,455.3,4716.0,30.6,342.68
210,2025-07-29,08:00:52,A01,8,51876,30.8,7.4,0.22,7.1,97.1,457.0,3479.0,14.5,383.26
211,2025-07-30,09:28:26,A01,8,51866,31.7,7.0,0.24,7.1,97.4,458.7,2677.0,25.5,284.13
212,2025-07-31,11:49:10,A01,8,51854,30.5,7.3,0.23,7.1,95.2,460.3,4693.0,26.3,411.76
213,2025-08-01,12:14:13,A01,8,51846,31.5,7.2,0.21,7.1,96.4,462.0,4380.0,24.4,311.88
214,2025-08-02,14:12:43,A01,8,51835,30.4,7.6,0.2,7.0,97.5,463.7,2898.0,26.0,437.15
215,2025-08-03,11:22:43,A01,8,51827,30.5,7.3,0.22,7.1,99.6,465.3,4360.0,21.2,416.44
216,2025-08-04,12:04:08,A01,8,51817,31.2,7.2,0.21,7.1,96.5,467.0,4021.0,24.7,344.93
217,2025-08-05,11:38:28,A01,8,51805,30.4,6.9,0.21,7.1,97.0,468.7,2801.0,23.6,414.54
218,2025-08-06,14:22:42,A01,8,51795,31.5,6.9,0.19,7.0,99.0,470.3,3253.0,26.7,309.33
219,2025-08-07,17:48:44,A01,8,51784,31.8,7.3,0.2,7.0,99.3,472.0,4192.0,27.4,290.97
220,2025-08-08,10:32:53,A01,8,51776,31.5,7.4,0.18,7.0,99.3,473.7,2727.0,16.7,326.03
221,2025-08-09,09:33:41,A01,8,51765,30.2,7.0,0.18,7.0,97.6,475.3,3172.0,23.0,445.2
222,2025-08-10,10:30:58,A01,8,51754,31.4,7.3,0.18,7.0,99.1,477.0,2562.0,25.0,335.57
223,2025-08-11,10:41:52,A01,8,51746,31.0,7.5,0.17,7.0,99.8,478.7,3124.0,24.2,385.0
224,2025-08-12,17:59:37,A01,8,51737,31.1,7.8,0.18,7.0,99.2,480.3,4759.0,31.3,385.15
225,2025-08-13,08:53:37,A01,8,51728,30.9,7.3,0.18,7.0,97.4,482.0,3589.0,14.9,390.8
226,2025-08-14,16:35:03,A01,8,51719,30.5,7.7,0.2,7.0,97.4,483.7,4686.0,31.7,448.15
227,2025-08-15,13:14:48,A01,8,51710,30.0,8.0,0.2,7.0,98.0,485.3,4524.0,20.7,516.49
228,2025-08-16,12:55:04,A01,8,51700,30.6,8.0,0.22,7.1,99.7,487.0,3820.0,23.7,450.62
229,2025-08-17,14:27:41,A01,8,51689,30.7,7.7,0.21,7.1,99.8,488.7,4894.0,25.5,430.36
230,2025-08-18,08:57:04,A01,8,51681,31.4,8.0,0.19,7.0,95.8,490.3,2974.0,18.5,365.43
231,2025-08-19,12:04:47,A01,8,51669,30.7,8.0,0.2,7.0,98.7,492.0,4210.0,27.1,444.69
232,2025-08-20,12:59:12,A01,8,51660,30.2,7.8,0.18,7.0,97.5,493.7,4956.0,24.9,494.99
233,2025-08-21,11:08:06,A01,8,51649,31.7,8.0,0.2,7.0,96.8,495.3,4857.0,22.1,334.71
234,2025-08-22,08:46:07,A01,8,51637,30.6,7.6,0.18,7.0,97.9,497.0,2722.0,21.6,445.82
235,2025-08-23,13:54:13,A01,8,51626,31.2,7.9,0.17,7.0,95.0,498.7,4533.0,29.1,391.49
236,2025-08-24,16:24:23,A01,8,51614,30.4,8.0,0.16,7.0,95.5,500.3,2802.0,26.5,487.89
237,2025-08-25,12:20:44,A01,8,51606,30.3,8.0,0.15,7.0,95.5,502.0,2653.0,19.9,501.42
238,2025-08-26,11:23:17,A01,8,51595,30.0,7.9,0.17,7.0,96.6,503.7,3697.0,23.0,531.97
239,2025-08-27,13:55:11,A01,8,51584,30.0,8.0,0.16,7.0,95.8,505.3,2622.0,26.5,538.65
240,2025-08-28,10:02:12,A01,8,51574,31.0,7.9,0.16,7.0,97.7,507.0,3390.0,20.1,421.0
241,2025-08-29,15:19:56,A01,8,51563,30.5,7.4,0.15,7.0,99.3,508.7,2509.0,29.3,460.19
242,2025-08-30,12:53:29,A01,8,51553,31.7,7.3,0.16,7.0,96.8,510.3,4942.0,21.6,325.45
243,2025-08-31,10:40:24,A01,8,51545,30.9,7.6,0.18,7.0,96.8,512.0,3401.0,21.8,424.63
244,2025-09-01,08:03:44,A01,8,51536,27.6,7.7,0.18,7.0,98.5,514.5,4555.0,21.4,761.61
245,2025-09-02,17:48:41,A01,8,51525,29.4,8.0,0.15,7.0,97.1,517.0,2545.0,33.7,621.86
246,2025-09-03,17:39:46,A01,8,51517,29.3,8.0,0.15,7.0,96.2,519.5,2826.0,23.9,636.63
247,2025-09-04,17:46:15,A01,8,51506,28.0,7.6,0.15,7.0,98.2,522.0,4811.0,24.1,768.0
248,2025-09-05,10:20:07,A01,8,51499,28.8,7.7,0.16,7.0,95.8,524.5,2572.0,16.6,684.14
249,2025-09-06,08:32:34,A01,8,51489,29.4,8.0,0.15,7.0,97.0,527.0,3573.0,22.2,633.45
250,2025-09-07,12:37:04,A01,8,51481,29.3,7.8,0.15,7.0,100.0,529.5,3957.0,28.1,637.63
251,2025-09-08,09:59:54,A01,8,51472,28.5,7.7,0.15,7.0,95.2,532.0,4581.0,21.4,729.77
252,2025-09-09,15:47:40,A01,8,51465,27.8,8.0,0.18,7.0,98.8,534.5,4114.0,29.8,810.39
253,2025-09-10,14:24:53,A01,8,51456,28.4,8.0,0.18,7.0,98.7,537.0,3143.0,22.6,765.19
254,2025-09-11,14:45:32,A01,8,51446,28.9,8.0,0.15,7.0,96.7,539.5,3011.0,24.3,709.44
255,2025-09-12,08:40:39,A01,8,51438,28.0,7.9,0.15,7.0,97.2,542.0,2712.0,17.9,816.97
256,2025-09-13,16:31:30,A01,8,51430,28.2,7.9,0.16,7.0,99.3,544.5,3335.0,31.8,795.19
257,2025-09-14,16:46:19,A01,8,51419,28.5,8.0,0.15,7.0,95.3,547.0,3878.0,24.2,768.79
258,2025-09-15,13:03:09,A01,8,51408,28.0,7.9,0.15,7.0,96.0,549.5,3841.0,20.3,827.79
259,2025-09-16,09:13:30,A01,8,51400,29.5,7.6,0.15,7.0,95.7,552.0,4309.0,20.2,628.11
260,2025-09-17,16:03:46,A01,8,51388,28.2,8.0,0.15,7.0,97.6,554.5,3751.0,30.8,816.76
261,2025-09-18,12:31:09,A01,8,51376,28.2,7.6,0.15,7.0,95.6,557.0,3784.0,20.5,792.91
262,2025-09-19,12:44:02,A01,8,51365,27.6,7.8,0.15,7.0,95.2,559.5,4666.0,24.2,835.08
263,2025-09-20,17:49:22,A01,8,51355,28.4,8.0,0.15,7.0,99.3,562.0,4298.0,29.1,801.69
264,2025-09-21,10:20:29,A01,8,51347,29.2,8.0,0.16,7.0,98.0,564.5,2565.0,16.5,701.63
265,2025-09-22,08:14:49,A01,8,51338,28.0,8.0,0.15,7.0,95.6,567.0,3949.0,21.9,860.16
266,2025-09-23,11:54:09,A01,8,51329,28.9,8.0,0.17,7.0,98.3,569.5,3674.0,27.7,745.67
267,2025-09-24,10:36:49,A01,8,51317,27.7,8.0,0.2,7.0,97.5,572.0,3900.0,22.7,862.99
268,2025-09-25,10:15:47,A01,8,51306,29.3,7.6,0.21,7.1,96.0,574.5,4517.0,23.6,673.65
269,2025-09-26,13:18:30,A01,8,51295,28.7,8.0,0.18,7.0,97.7,577.0,3735.0,27.0,780.38
270,2025-09-27,15:03:53,A01,8,51288,29.4,8.0,0.17,7.0,96.8,579.5,2899.0,25.8,692.42
271,2025-09-28,09:55:30,A01,8,51279,28.1,7.7,0.2,7.0,98.3,582.0,3738.0,18.9,842.66
272,2025-09-29,17:04:56,A01,8,51270,28.5,7.5,0.21,7.1,97.0,584.5,3710.0,31.2,780.21
273,2025-09-30,09:11:48,A01,8,51261,27.9,7.5,0.24,7.1,98.7,587.0,4697.0,16.1,844.33
274,2025-10-01,13:26:11,A01,8,51253,26.8,8.0,0.22,7.1,96.0,589.5,4543.0,28.2,886.47
275,2025-10-02,13:32:31,A01,8,51244,25.6,8.0,0.23,7.1,95.4,592.0,4379.0,24.1,889.16
276,2025-10-03,08:03:13,A01,8,51237,25.3,8.0,0.22,7.1,98.5,594.5,3335.0,18.5,893.71
277,2025-10-04,17:14:55,A01,8,51226,26.7,7.8,0.24,7.1,95.6,597.0,4351.0,33.2,880.51
278,2025-10-05,17:00:25,A01,8,51215,26.3,7.9,0.24,7.1,99.5,599.5,3869.0,23.8,891.5
279,2025-10-06,15:54:51,A01,8,51206,25.8,7.5,0.25,7.1,96.4,602.0,4993.0,22.9,864.09
280,2025-10-07,17:36:21,A01,8,51199,26.2,8.0,0.25,7.1,99.0,604.5,4630.0,25.7,905.28
281,2025-10-08,08:07:08,A01,8,51192,26.7,8.0,0.25,7.1,98.0,607.0,4176.0,14.5,908.9
282,2025-10-09,08:27:06,A01,8,51183,26.5,8.0,0.23,7.1,95.5,609.5,4832.0,24.3,914.36
283,2025-10-10,09:18:49,A01,8,51172,27.0,8.0,0.22,7.1,96.7,612.0,3640.0,24.9,918.85
284,2025-10-11,09:55:25,A01,8,51161,26.7,7.5,0.2,7.0,95.9,614.5,4157.0,24.6,885.78
285,2025-10-12,16:16:43,A01,8,51154,25.9,7.5,0.23,7.1,97.8,617.0,4566.0,30.4,886.54
286,2025-10-13,17:07:48,A01,8,51146,27.1,7.6,0.25,7.1,97.2,619.5,4273.0,24.9,895.89
287,2025-10-14,12:37:02,A01,8,51135,26.0,7.7,0.27,7.1,100.0,622.0,3641.0,19.5,905.21
288,2025-10-15,11:50:25,A01,8,51126,26.2,7.5,0.28,7.1,97.7,624.5,2844.0,23.2,892.23
289,2025-10-16,17:17:11,A01,8,51116,26.2,7.3,0.26,7.1,95.6,627.0,4328.0,29.4,881.86
290,2025-10-17,14:21:57,A01,8,51104,26.5,7.2,0.27,7.1,97.1,629.5,3850.0,21.1,876.44
291,2025-10-18,08:56:43,A01,8,51097,26.0,6.7,0.27,7.1,98.0,632.0,2813.0,18.6,840.52
292,2025-10-19,09:24:08,A01,8,51088,26.5,6.6,0.27,7.1,96.6,634.5,4766.0,24.5,835.81
293,2025-10-20,14:03:13,A01,8,51077,25.4,6.8,0.27,7.1,98.1,637.0,4050.0,28.7,854.75
294,2025-10-21,15:24:26,A01,8,51069,26.2,6.9,0.28,7.1,96.3,639.5,3451.0,25.4,865.03
295,2025-10-22,10:54:04,A01,8,51058,26.5,6.5,0.29,7.1,99.9,642.0,2848.0,19.5,835.5
296,2025-10-23,09:32:12,A01,8,51046,27.2,6.4,0.28,7.1,95.7,644.5,4716.0,22.6,831.43
297,2025-10-24,10:30:08,A01,8,51038,26.5,5.9,0.26,7.1,99.5,647.0,2632.0,25.0,796.03
298,2025-10-25,17:43:35,A01,8,51030,26.9,6.0,0.28,7.1,96.9,649.5,2851.0,31.2,805.4
299,2025-10-26,09:52:20,A01,8,51022,25.3,6.0,0.25,7.1,95.4,652.0,2587.0,16.1,810.87
300,2025-10-27,16:37:51,A01,8,51013,25.7,5.6,0.27,7.1,98.9,654.5,4470.0,30.8,779.68
301,2025-10-28,17:59:38,A01,8,51005,25.4,6.0,0.26,7.1,99.0,657.0,3069.0,25.4,815.98
302,2025-10-29,11:08:42,A01,8,50997,26.1,5.6,0.25,7.1,96.7,659.5,3746.0,17.2,787.0
303,2025-10-30,16:08:25,A01,8,50988,26.8,5.3,0.25,7.1,96.7,662.0,4998.0,29.0,765.16
304,2025-10-31,16:15:22,A01,8,50976,25.9,5.5,0.27,7.1,99.2,664.5,2920.0,24.1,782.78
305,2025-11-01,16:15:16,A01,8,50964,23.3,5.5,0.26,7.1,98.5,667.0,3904.0,24.0,786.34
306,2025-11-02,09:55:18,A01,8,50954,21.6,5.2,0.28,7.1,96.2,669.5,3431.0,17.7,762.65
307,2025-11-03,12:37:38,A01,8,50944,22.2,5.0,0.27,7.1,96.8,672.0,4752.0,26.7,749.48
308,2025-11-04,11:24:05,A01,8,50933,22.4,5.3,0.24,7.1,96.3,674.5,3761.0,22.8,779.57
309,2025-11-05,13:52:06,A01,8,50925,22.1,5.0,0.24,7.1,96.3,677.0,3068.0,26.5,757.1
310,2025-11-06,17:58:52,A01,8,50913,21.9,5.2,0.27,7.1,96.1,679.5,4665.0,28.1,774.21
311,2025-11-07,12:36:57,A01,8,50903,22.1,5.6,0.27,7.1,97.9,682.0,4312.0,18.6,810.68
312,2025-11-08,17:16:18,A01,8,50893,23.4,5.8,0.25,7.1,95.4,684.5,4162.0,28.7,832.15
313,2025-11-09,08:28:18,A01,8,50884,23.4,6.0,0.28,7.1,98.5,687.0,3142.0,15.2,849.46
314,2025-11-10,10:05:07,A01,8,50872,21.8,6.2,0.27,7.1,95.7,689.5,4047.0,25.6,870.29
315,2025-11-11,13:09:09,A01,8,50862,23.0,6.4,0.28,7.1,97.1,692.0,2570.0,27.1,889.49
316,2025-11-12,08:40:02,A01,8,50851,21.6,6.3,0.25,7.1,97.9,694.5,4097.0,19.5,886.65
317,2025-11-13,15:36:52,A01,8,50843,22.9,6.4,0.24,7.1,98.6,697.0,4818.0,30.9,899.26
318,2025-11-14,14:55:56,A01,8,50832,21.8,6.7,0.21,7.1,98.8,699.5,3229.0,23.3,931.18
319,2025-11-15,13:12:09,A01,8,50823,22.9,6.6,0.22,7.1,98.0,702.0,4883.0,22.3,924.66
320,2025-11-16,16:46:32,A01,8,50815,22.2,6.4,0.23,7.1,97.6,704.5,4927.0,27.6,909.37
321,2025-11-17,10:48:14,A01,8,50805,23.3,6.1,0.22,7.1,95.9,707.0,4505.0,18.0,887.01
322,2025-11-18,12:18:01,A01,8,50793,22.5,6.5,0.2,7.0,97.4,709.5,3658.0,25.5,927.07
323,2025-11-19,12:52:34,A01,8,50786,23.2,6.8,0.17,7.0,97.3,712.0,4248.0,24.6,959.71
324,2025-11-20,08:19:56,A01,8,50775,23.1,6.9,0.16,7.0,95.0,714.5,3359.0,19.5,972.78
325,2025-11-21,12:42:02,A01,8,50763,21.6,6.4,0.17,7.0,96.5,717.0,4982.0,28.4,930.24
326,2025-11-22,12:08:40,A01,8,50752,21.9,6.3,0.18,7.0,98.0,719.5,2839.0,23.4,923.36
327,2025-11-23,16:40:40,A01,8,50740,23.0,6.2,0.17,7.0,95.3,722.0,3083.0,28.5,918.29
328,2025-11-24,11:37:06,A01,8,50730,21.6,5.9,0.17,7.0,99.4,724.5,4664.0,18.9,894.19
329,2025-11-25,12:26:29,A01,8,50722,22.0,5.8,0.15,7.0,95.7,727.0,4067.0,24.8,889.88
330,2025-11-26,12:07:45,A01,8,50713,22.2,5.7,0.15,7.0,98.8,729.5,4934.0,23.7,883.68
331,2025-11-27,13:52:22,A01,8,50703,22.8,5.9,0.18,7.0,97.7,732.0,2953.0,25.7,902.05
332,2025-11-28,14:47:14,A01,8,50693,22.5,6.3,0.19,7.0,99.5,734.5,3853.0,24.9,940.56
333,2025-11-29,16:28:42,A01,8,50683,23.2,6.6,0.17,7.0,95.1,737.0,4089.0,25.7,973.04
334,2025-11-30,11:35:47,A01,8,50673,22.9,6.9,0.15,7.0,95.2,739.5,4900.0,19.1,1005.81
335,2025-12-01,17:33:54,A01,8,50662,19.2,7.1,0.16,7.0,96.3,740.8,3493.0,30.0,1024.85
336,2025-12-02,14:55:13,A01,8,50654,18.7,6.6,0.17,7.0,97.6,742.2,4828.0,21.4,979.3
337,2025-12-03,09:21:34,A01,8,50645,18.3,6.9,0.16,7.0,99.1,743.5,4551.0,18.4,1009.67
338,2025-12-04,14:12:54,A01,8,50634,19.7,6.5,0.15,7.0,97.1,744.8,2980.0,28.9,975.14
339,2025-12-05,16:29:22,A01,8,50624,18.8,6.7,0.17,7.0,98.4,746.2,2786.0,26.3,993.28
340,2025-12-06,17:13:35,A01,8,50612,19.2,6.6,0.17,7.0,97.7,747.5,3222.0,24.7,985.52
341,2025-12-07,16:52:36,A01,8,50604,19.1,6.1,0.15,7.0,98.9,748.8,2934.0,23.7,942.47
342,2025-12-08,08:19:35,A01,8,50596,18.7,6.1,0.18,7.0,99.9,750.2,4622.0,15.4,941.12
343,2025-12-09,11:43:47,A01,8,50585,18.2,6.5,0.16,7.0,97.8,751.5,4716.0,27.4,981.92
344,2025-12-10,12:34:15,A01,8,50573,18.2,6.3,0.16,7.0,96.5,752.8,3229.0,24.8,964.69
345,2025-12-11,15:39:41,A01,8,50564,18.1,6.0,0.15,7.0,95.3,754.2,3111.0,27.1,939.04
346,2025-12-12,12:18:31,A01,8,50552,17.9,5.7,0.15,7.0,99.9,755.5,4805.0,20.6,451.57
347,2025-12-13,10:50:48,A01,8,50541,18.2,5.2,0.17,7.0,95.9,756.8,4978.0,22.5,864.82
348,2025-12-14,09:21:04,A01,8,50530,18.3,5.4,0.19,7.0,99.2,758.2,2713.0,22.5,883.18
349,2025-12-15,16:02:05,A01,8,50520,18.4,5.7,0.21,7.1,96.1,759.5,3473.0,30.7,910.93
350,2025-12-16,09:53:56,A01,8,50512,18.2,5.6,0.22,7.1,97.8,760.8,2597.0,17.9,902.06
351,2025-12-17,17:48:41,A01,8,50505,18.9,5.9,0.2,7.0,95.4,762.2,3506.0,31.9,933.65
352,2025-12-18,17:01:05,A01,8,50494,18.1,6.2,0.18,7.0,98.0,763.5,3884.0,23.2,965.38
353,2025-12-19,13:23:42,A01,8,50483,19.3,5.7,0.17,7.0,97.5,764.8,4174.0,20.4,920.4
354,2025-12-20,17:02:41,A01,8,50475,19.6,6.0,0.18,7.0,95.7,766.2,4089.0,27.6,949.4
355,2025-12-21,09:00:01,A01,8,50468,18.0,6.2,0.15,7.0,97.1,767.5,4988.0,16.0,972.91
356,2025-12-22,13:46:12,A01,8,50457,18.5,5.7,0.15,7.0,96.1,768.8,2670.0,28.8,926.62
357,2025-12-23,17:18:35,A01,8,50446,19.0,6.2,0.15,7.0,97.0,770.2,2995.0,27.5,975.86
358,2025-12-24,15:43:38,A01,8,50436,18.3,6.2,0.15,7.0,96.3,771.5,4089.0,22.4,977.36
359,2025-12-25,11:25:23,A01,8,50428,19.6,6.2,0.16,7.0,98.4,772.8,3526.0,19.7,977.9
360,2025-12-26,15:20:25,A01,8,50418,18.6,6.2,0.15,7.0,95.1,774.2,4864.0,27.9,980.38
361,2025-12-27,09:43:45,A01,8,50411,19.4,6.2,0.17,7.0,95.6,775.5,2939.0,18.4,979.94
362,2025-12-28,12:54:37,A01,8,50400,19.4,6.0,0.18,7.0,97.9,776.8,4946.0,27.2,961.19
363,2025-12-29,09:48:22,A01,8,50390,18.6,6.4,0.16,7.0,96.7,778.2,3126.0,20.9,1003.2
364,2025-12-30,10:19:16,A01,8,50381,18.3,6.5,0.15,7.0,97.1,779.5,3358.0,24.5,1015.43
365,2025-12-31,09:41:04,A01,8,50374,19.4,6.8,0.15,7.0,99.3,780.8,4841.0,23.4,1046.08
